Workbook

Sheet الحركة اليومية
A2: المبيعات اليومية عن عام 2026 لمعرض
A4: التاريخ | B4: اليوم | C4: رصيد الصندوق في بداية اليوم | D4: المبيعات النقدية | E4: مبيعات الشبكة | L4: اجمالي المبيعات | M4: الايداعات | N4: الشبكة | O4: مسحوبات غير نقدية | P4: المصاريف معمدة من الادارة | Q4: رصيد الصندوق في نهاية اليوم | R4: رقم تسلسل الايداع | S4: ملاحظات
E5: الشبكة السعودية | F5: الفيزا | G5: الماستر كارد | H5: الامريكانا اكسبريس | I5: كوبونات الجمعيات | J5: تمارا | K5: مبيعات اخرى
A6: 46023 | B6: الخميس | C6: 0 | D6: 1442.4 | E6: 5984 | G6: 388 | J6: 498 | L6: =SUM(D6:K6) -> 8312.4 | N6: =SUM(E6+F6+G6+H6) -> 6372 | O6: =I6+K6+J6 -> 498 | Q6: =C6+L6+-M6-N6-O6-P6 -> 1442.4
A7: =A6+1 -> 46024 | B7: الجمعه | C7: =Q6 -> 1442.4 | D7: 15 | E7: 3962 | F7: 983 | L7: =SUM(D7:K7) -> 4960 | N7: =SUM(E7+F7+G7+H7) -> 4945 | O7: =I7+K7+J7 -> 0 | Q7: =C7+L7+-M7-N7-O7-P7 -> 1457.4
A8: =A7+1 -> 46025 | B8: السبت | C8: =Q7 -> 1457.4 | D8: 658.2 | E8: 6028 | F8: 695 | G8: 609 | L8: =SUM(D8:K8) -> 7990.2 | N8: =SUM(E8+F8+G8+H8) -> 7332 | O8: =I8+K8+J8 -> 0 | Q8: =C8+L8+-M8-N8-O8-P8 -> 2115.6
A9: =A8+1 -> 46026 | B9: الأحد | C9: =Q8 -> 2115.6 | D9: 587 | E9: 2381.2 | F9: 99 | L9: =SUM(D9:K9) -> 3067.2 | N9: =SUM(E9+F9+G9+H9) -> 2480.2 | O9: =I9+K9+J9 -> 0 | Q9: =C9+L9+-M9-N9-O9-P9 -> 2702.6
A10: =A9+1 -> 46027 | B10: الإثنين | C10: =Q9 -> 2702.6 | D10: -51 | E10: 2335 | F10: 597 | L10: =SUM(D10:K10) -> 2881 | N10: =SUM(E10+F10+G10+H10) -> 2932 | O10: =I10+K10+J10 -> 0 | Q10: =C10+L10+-M10-N10-O10-P10 -> 2651.6
A11: =A10+1 -> 46028 | B11: الثلاثاء | C11: =Q10 -> 2651.6 | D11: 449 | E11: 3338 | F11: 199 | L11: =SUM(D11:K11) -> 3986 | N11: =SUM(E11+F11+G11+H11) -> 3537 | O11: =I11+K11+J11 -> 0 | Q11: =C11+L11+-M11-N11-O11-P11 -> 3100.6
A12: =A11+1 -> 46029 | B12: الأربعاء | C12: =Q11 -> 3100.6 | D12: 1143 | E12: 3882 | F12: 1238 | G12: 139 | J12: 406 | L12: =SUM(D12:K12) -> 6808 | N12: =SUM(E12+F12+G12+H12) -> 5259 | O12: =I12+K12+J12 -> 406 | Q12: =C12+L12+-M12-N12-O12-P12 -> 4243.6
A13: =A12+1 -> 46030 | B13: الخميس | C13: =Q12 -> 4243.6 | D13: 1362 | E13: 4405 | F13: 739 | L13: =SUM(D13:K13) -> 6506 | N13: =SUM(E13+F13+G13+H13) -> 5144 | O13: =I13+K13+J13 -> 0 | Q13: =C13+L13+-M13-N13-O13-P13 -> 5605.6
A14: =A13+1 -> 46031 | B14: الجمعه | C14: =Q13 -> 5605.6 | D14: 2499 | E14: 5367 | F14: 816 | J14: 266 | L14: =SUM(D14:K14) -> 8948 | N14: =SUM(E14+F14+G14+H14) -> 6183 | O14: =I14+K14+J14 -> 266 | Q14: =C14+L14+-M14-N14-O14-P14 -> 8104.6 | S14: إيداع رقم 1
A15: =A14+1 -> 46032 | B15: السبت | C15: =Q14 -> 8104.6 | D15: 715 | E15: 5558 | F15: 1567 | G15: 119 | L15: =SUM(D15:K15) -> 7959 | M15: 6400 | N15: =SUM(E15+F15+G15+H15) -> 7244 | O15: =I15+K15+J15 -> 0 | Q15: =C15+L15+-M15-N15-O15-P15 -> 2419.6
A16: =A15+1 -> 46033 | B16: الأحد | C16: =Q15 -> 2419.6 | D16: 622 | E16: 4264.2 | F16: 861 | G16: 513 | L16: =SUM(D16:K16) -> 6260.2 | N16: =SUM(E16+F16+G16+H16) -> 5638.2 | O16: =I16+K16+J16 -> 0 | Q16: =C16+L16+-M16-N16-O16-P16 -> 3041.6
A17: =A16+1 -> 46034 | B17: الإثنين | C17: =Q16 -> 3041.6 | D17: 1396 | E17: 8722 | F17: 656 | L17: =SUM(D17:K17) -> 10774 | N17: =SUM(E17+F17+G17+H17) -> 9378 | O17: =I17+K17+J17 -> 0 | Q17: =C17+L17+-M17-N17-O17-P17 -> 4437.6
A18: =A17+1 -> 46035 | B18: الثلاثاء | C18: =Q17 -> 4437.6 | D18: 1084.2 | E18: 4524 | F18: 353 | J18: 199 | L18: =SUM(D18:K18) -> 6160.2 | N18: =SUM(E18+F18+G18+H18) -> 4877 | O18: =I18+K18+J18 -> 199 | Q18: =C18+L18+-M18-N18-O18-P18 -> 5521.8
A19: =A18+1 -> 46036 | B19: الأربعاء | C19: =Q18 -> 5521.8 | D19: 763.2 | E19: 2404 | F19: 207 | J19: 1453 | L19: =SUM(D19:K19) -> 4827.2 | N19: =SUM(E19+F19+G19+H19) -> 2611 | O19: =I19+K19+J19 -> 1453 | Q19: =C19+L19+-M19-N19-O19-P19 -> 6285
A20: =A19+1 -> 46037 | B20: الخميس | C20: =Q19 -> 6285 | D20: 1352 | E20: 5511.2 | G20: 665 | L20: =SUM(D20:K20) -> 7528.2 | M20: 4650 | N20: =SUM(E20+F20+G20+H20) -> 6176.2 | O20: =I20+K20+J20 -> 0 | Q20: =C20+L20+-M20-N20-O20-P20 -> 2987 | S20: إيداع رقم 2
A21: =A20+1 -> 46038 | B21: الجمعه | C21: =Q20 -> 2987 | D21: 677 | E21: 4883 | L21: =SUM(D21:K21) -> 5560 | N21: =SUM(E21+F21+G21+H21) -> 4883 | O21: =I21+K21+J21 -> 0 | Q21: =C21+L21+-M21-N21-O21-P21 -> 3664
A22: =A21+1 -> 46039 | B22: السبت | C22: =Q21 -> 3664 | D22: 510 | E22: 4457 | F22: 338 | G22: 398 | H22: 22 | J22: 844 | L22: =SUM(D22:K22) -> 6569 | N22: =SUM(E22+F22+G22+H22) -> 5215 | O22: =I22+K22+J22 -> 844 | Q22: =C22+L22+-M22-N22-O22-P22 -> 4174
A23: =A22+1 -> 46040 | B23: الاحد | C23: =Q22 -> 4174 | D23: 527 | E23: 2725 | F23: 636 | G23: 78 | J23: 199 | L23: =SUM(D23:K23) -> 4165 | N23: =SUM(E23+F23+G23+H23) -> 3439 | O23: =I23+K23+J23 -> 199 | Q23: =C23+L23+-M23-N23-O23-P23 -> 4701
A24: =A23+1 -> 46041 | B24: الاثنين | C24: =Q23 -> 4701 | D24: 1413 | E24: 2066 | J24: 259 | L24: =SUM(D24:K24) -> 3738 | N24: =SUM(E24+F24+G24+H24) -> 2066 | O24: =I24+K24+J24 -> 259 | Q24: =C24+L24+-M24-N24-O24-P24 -> 6114
A25: =A24+1 -> 46042 | B25: الثلاثاء | C25: =Q24 -> 6114 | D25: 871 | E25: 2096 | F25: 217 | L25: =SUM(D25:K25) -> 3184 | N25: =SUM(E25+F25+G25+H25) -> 2313 | O25: =I25+K25+J25 -> 0 | Q25: =C25+L25+-M25-N25-O25-P25 -> 6985
A26: =A25+1 -> 46043 | B26: الاربعاء | C26: =Q25 -> 6985 | D26: 1592 | E26: 560 | F26: 346 | L26: =SUM(D26:K26) -> 2498 | N26: =SUM(E26+F26+G26+H26) -> 906 | O26: =I26+K26+J26 -> 0 | Q26: =C26+L26+-M26-N26-O26-P26 -> 8577
A27: =A26+1 -> 46044 | B27: الخميس | C27: =Q26 -> 8577 | D27: 694 | E27: 2883 | F27: 343 | L27: =SUM(D27:K27) -> 3920 | M27: 6000 | N27: =SUM(E27+F27+G27+H27) -> 3226 | O27: =I27+K27+J27 -> 0 | Q27: =C27+L27+-M27-N27-O27-P27 -> 3271 | S27: إيداع رقم 3
A28: =A27+1 -> 46045 | B28: الجمعه | C28: =Q27 -> 3271 | D28: 764 | E28: 3206 | F28: 119 | L28: =SUM(D28:K28) -> 4089 | N28: =SUM(E28+F28+G28+H28) -> 3325 | O28: =I28+K28+J28 -> 0 | Q28: =C28+L28+-M28-N28-O28-P28 -> 4035
A29: =A28+1 -> 46046 | B29: السبت | C29: =Q28 -> 4035 | D29: 249 | E29: 3168 | F29: 510 | G29: 598 | L29: =SUM(D29:K29) -> 4525 | N29: =SUM(E29+F29+G29+H29) -> 4276 | O29: =I29+K29+J29 -> 0 | Q29: =C29+L29+-M29-N29-O29-P29 -> 4284
A30: =A29+1 -> 46047 | B30: الاحد | C30: =Q29 -> 4284 | D30: 234 | E30: 1651 | F30: 551 | G30: 1124 | J30: 199 | L30: =SUM(D30:K30) -> 3759 | N30: =SUM(E30+F30+G30+H30) -> 3326 | O30: =I30+K30+J30 -> 199 | Q30: =C30+L30+-M30-N30-O30-P30 -> 4518
A31: =A30+1 -> 46048 | B31: الاثنين | C31: =Q30 -> 4518 | E31: 1412 | G31: 642 | L31: =SUM(D31:K31) -> 2054 | N31: =SUM(E31+F31+G31+H31) -> 2054 | O31: =I31+K31+J31 -> 0 | Q31: =C31+L31+-M31-N31-O31-P31 -> 4518
A32: =A31+1 -> 46049 | B32: الثلاثاء | C32: =Q31 -> 4518 | D32: 1850 | E32: 4299 | F32: 606 | G32: 189 | L32: =SUM(D32:K32) -> 6944 | N32: =SUM(E32+F32+G32+H32) -> 5094 | O32: =I32+K32+J32 -> 0 | Q32: =C32+L32+-M32-N32-O32-P32 -> 6368
A33: =A32+1 -> 46050 | B33: الأربعاء | C33: =Q32 -> 6368 | D33: 410 | E33: 6506.4 | F33: 338 | G33: 168 | L33: =SUM(D33:K33) -> 7422.4 | N33: =SUM(E33+F33+G33+H33) -> 7012.4 | O33: =I33+K33+J33 -> 0 | Q33: =C33+L33+-M33-N33-O33-P33 -> 6778
A34: =A33+1 -> 46051 | B34: الخميس | C34: =Q33 -> 6778 | D34: 358 | E34: 2124 | F34: 199 | J34: 483 | L34: =SUM(D34:K34) -> 3164 | M34: 4300 | N34: =SUM(E34+F34+G34+H34) -> 2323 | O34: =I34+K34+J34 -> 483 | Q34: =C34+L34+-M34-N34-O34-P34 -> 2836 | S34: إيداع رقم 4
A35: =A34+1 -> 46052 | B35: الجمعة | C35: =Q34 -> 2836 | D35: 596 | E35: 3689 | F35: 179 | J35: 149 | L35: =SUM(D35:K35) -> 4613 | N35: =SUM(E35+F35+G35+H35) -> 3868 | O35: =I35+K35+J35 -> 149 | Q35: =C35+L35+-M35-N35-O35-P35 -> 3432
A36: =A35+1 -> 46053 | B36: السبت | C36: =Q35 -> 3432 | D36: 1345 | E36: 5478 | F36: 1142 | J36: 149 | L36: =SUM(D36:K36) -> 8114 | N36: =SUM(E36+F36+G36+H36) -> 6620 | O36: =I36+K36+J36 -> 149 | Q36: =C36+L36+-M36-N36-O36-P36 -> 4777
D38: =SUM(D6:D36) -> 26127 | E38: =SUM(E6:E36) -> 119869 | F38: =SUM(F6:F36) -> 14534 | G38: =SUM(G6:G36) -> 5630 | H38: =SUM(H6:H36) -> 22 | I38: =SUM(I6:I36) -> 0 | J38: =SUM(J6:J36) -> 5104 | K38: =SUM(K6:K36) -> 0 | ... P38: =SUM(P6:P36) -> 0 | Q38: =C38+L38+-M38-N38-O38-P38 -> 4777
A40: التاريخ | B40: اليوم | C40: رصيد الصندوق في بداية اليوم | D40: المبيعات النقدية | E40: مبيعات الشبكة | L40: اجمالي المبيعات | M40: الايداعات | N40: الشبكة | O40: مسحوبات غير نقدية | P40: المصاريف معمدة من الادارة | Q40: رصيد الصندوق في نهاية اليوم | R40: رقم تسلسل الايداع | S40: ملاحظات
E41: الشبكة السعودية | F41: الفيزا | G41: الماستر كارد | H41: الامريكانا اكسبريس | I41: كوبونات الجمعيات | J41: تمارا | K41: مبيعات اخرى
A42: =A36+1 -> 46054 | B42: الأحد | C42: =Q38 -> 4777 | D42: -50 | E42: 2601.39 | G42: 25 | L42: =SUM(D42:K42) -> 2576.39 | N42: =SUM(E42+F42+G42+H42) -> 2626.39 | O42: =I42+K42+J42 -> 0 | Q42: =C42+L42+-M42-N42-O42-P42 -> 4727
A43: =A42+1 -> 46055 | B43: الإثنين | C43: =Q42 -> 4727 | D43: 497.2 | E43: 1620.2 | F43: 238 | L43: =SUM(D43:K43) -> 2355.4 | N43: =SUM(E43+F43+G43+H43) -> 1858.2 | O43: =I43+K43+J43 -> 0 | Q43: =C43+L43+-M43-N43-O43-P43 -> 5224.2
A44: =A43+1 -> 46056 | B44: الثلاثاء | C44: =Q43 -> 5224.2 | D44: 871 | E44: 1497.2 | F44: 984 | G44: 365 | L44: =SUM(D44:K44) -> 3717.2 | N44: =SUM(E44+F44+G44+H44) -> 2846.2 | O44: =I44+K44+J44 -> 0 | Q44: =C44+L44+-M44-N44-O44-P44 -> 6095.2
A45: =A44+1 -> 46057 | B45: الأربعاء | C45: =Q44 -> 6095.2 | D45: 2335 | E45: 2641 | L45: =SUM(D45:K45) -> 4976 | M45: 4500 | N45: =SUM(E45+F45+G45+H45) -> 2641 | O45: =I45+K45+J45 -> 0 | Q45: =C45+L45+-M45-N45-O45-P45 -> 3930.2 | S45: إيداع رقم 5
A46: =A45+1 -> 46058 | B46: الخميس | C46: =Q45 -> 3930.2 | D46: 465.2 | E46: 3458 | F46: 1115 | L46: =SUM(D46:K46) -> 5038.2 | N46: =SUM(E46+F46+G46+H46) -> 4573 | O46: =I46+K46+J46 -> 0 | Q46: =C46+L46+-M46-N46-O46-P46 -> 4395.4
A47: =A46+1 -> 46059 | B47: الجمعه | C47: =Q46 -> 4395.4 | D47: 1764.8 | E47: 2517 | F47: 918 | G47: 147 | L47: =SUM(D47:K47) -> 5346.8 | N47: =SUM(E47+F47+G47+H47) -> 3582 | O47: =I47+K47+J47 -> 0 | Q47: =C47+L47+-M47-N47-O47-P47 -> 6160.2
A48: =A47+1 -> 46060 | B48: السبت | C48: =Q47 -> 6160.2 | D48: 1245 | E48: 2356 | F48: 688 | G48: 748 | L48: =SUM(D48:K48) -> 5037 | N48: =SUM(E48+F48+G48+H48) -> 3792 | O48: =I48+K48+J48 -> 0 | Q48: =C48+L48+-M48-N48-O48-P48 -> 7405.2
A49: =A48+1 -> 46061 | B49: الأحد | C49: =Q48 -> 7405.2 | D49: 1628 | E49: 2770 | F49: 1511 | J49: 561 | L49: =SUM(D49:K49) -> 6470 | N49: =SUM(E49+F49+G49+H49) -> 4281 | O49: =I49+K49+J49 -> 561 | Q49: =C49+L49+-M49-N49-O49-P49 -> 9033.2
A50: =A49+1 -> 46062 | B50: الإثنين | C50: =Q49 -> 9033.2 | D50: 1071 | E50: 5898 | F50: 689 | G50: 400 | L50: =SUM(D50:K50) -> 8058 | N50: =SUM(E50+F50+G50+H50) -> 6987 | O50: =I50+K50+J50 -> 0 | Q50: =C50+L50+-M50-N50-O50-P50 -> 10104.2
A51: =A50+1 -> 46063 | B51: الثلاثاء | C51: =Q50 -> 10104.2 | D51: 1226 | E51: 5512 | F51: 790 | G51: 454 | L51: =SUM(D51:K51) -> 7982 | N51: =SUM(E51+F51+G51+H51) -> 6756 | O51: =I51+K51+J51 -> 0 | Q51: =C51+L51+-M51-N51-O51-P51 -> 11330.2
A52: =A51+1 -> 46064 | B52: الأربعاء | C52: =Q51 -> 11330.2 | D52: 902 | E52: 3223 | F52: 594 | G52: 303 | L52: =SUM(D52:K52) -> 5022 | M52: 6450 | N52: =SUM(E52+F52+G52+H52) -> 4120 | O52: =I52+K52+J52 -> 0 | Q52: =C52+L52+-M52-N52-O52-P52 -> 5782.2 | S52: إيداع رقم 6
A53: =A52+1 -> 46065 | B53: الخميس | C53: =Q52 -> 5782.2 | D53: 2001 | E53: 4181 | F53: 1367 | G53: 209 | L53: =SUM(D53:K53) -> 7758 | N53: =SUM(E53+F53+G53+H53) -> 5757 | O53: =I53+K53+J53 -> 0 | Q53: =C53+L53+-M53-N53-O53-P53 -> 7783.2
A54: =A53+1 -> 46066 | B54: الجمعه | C54: =Q53 -> 7783.2 | D54: 2328.6 | E54: 4922 | F54: 890 | L54: =SUM(D54:K54) -> 8140.6 | N54: =SUM(E54+F54+G54+H54) -> 5812 | O54: =I54+K54+J54 -> 0 | Q54: =C54+L54+-M54-N54-O54-P54 -> 10111.8
A55: =A54+1 -> 46067 | B55: السبت | C55: =Q54 -> 10111.8 | D55: 702 | E55: 6830 | F55: 2203 | G55: 361 | L55: =SUM(D55:K55) -> 10096 | N55: =SUM(E55+F55+G55+H55) -> 9394 | O55: =I55+K55+J55 -> 0 | Q55: =C55+L55+-M55-N55-O55-P55 -> 10813.8
A56: =A55+1 -> 46068 | B56: الأحد | C56: =Q55 -> 10813.8 | D56: 1708.8 | E56: 4565 | F56: 939 | J56: 337 | L56: =SUM(D56:K56) -> 7549.8 | M56: 5600 | N56: =SUM(E56+F56+G56+H56) -> 5504 | O56: =I56+K56+J56 -> 337 | Q56: =C56+L56+-M56-N56-O56-P56 -> 6922.6 | S56: إيداع بكي رقم 7
A57: =A56+1 -> 46069 | B57: الاثنين | C57: =Q56 -> 6922.6 | D57: 233.2 | E57: 6056.2 | F57: 1092 | G57: 289 | L57: =SUM(D57:K57) -> 7670.4 | N57: =SUM(E57+F57+G57+H57) -> 7437.2 | O57: =I57+K57+J57 -> 0 | Q57: =C57+L57+-M57-N57-O57-P57 -> 7155.8
A58: =A57+1 -> 46070 | B58: الثلاثاء | C58: =Q57 -> 7155.8 | D58: 421 | E58: 2903 | F58: 896 | G58: 501 | L58: =SUM(D58:K58) -> 4721 | N58: =SUM(E58+F58+G58+H58) -> 4300 | O58: =I58+K58+J58 -> 0 | Q58: =C58+L58+-M58-N58-O58-P58 -> 7576.8
A59: =A58+1 -> 46071 | B59: الاربعاء | C59: =Q58 -> 7576.8 | D59: 1213.2 | E59: 5342 | F59: 184 | G59: 870 | L59: =SUM(D59:K59) -> 7609.2 | N59: =SUM(E59+F59+G59+H59) -> 6396 | O59: =I59+K59+J59 -> 0 | Q59: =C59+L59+-M59-N59-O59-P59 -> 8790
A60: =A59+1 -> 46072 | B60: الخميس | C60: =Q59 -> 8790 | D60: 851 | E60: 7564 | F60: 1449 | G60: 471 | J60: 1495 | L60: =SUM(D60:K60) -> 11830 | N60: =SUM(E60+F60+G60+H60) -> 9484 | O60: =I60+K60+J60 -> 1495 | Q60: =C60+L60+-M60-N60-O60-P60 -> 9641
A61: =A60+1 -> 46073 | B61: الجمعه | C61: =Q60 -> 9641 | D61: 2143 | E61: 7607 | F61: 1989.2 | G61: 433 | J61: 180 | L61: =SUM(D61:K61) -> 12352.2 | M61: 3500 | N61: =SUM(E61+F61+G61+H61) -> 10029.2 | O61: =I61+K61+J61 -> 180 | Q61: =C61+L61+-M61-N61-O61-P61 -> 8284 | S61: إيداع بنكي رقم 8
A62: =A61+1 -> 46074 | B62: السبت | C62: =Q61 -> 8284 | D62: 5572 | E62: 8566 | F62: 3004 | G62: 490 | L62: =SUM(D62:K62) -> 17632 | M62: 7000 | N62: =SUM(E62+F62+G62+H62) -> 12060 | O62: =I62+K62+J62 -> 0 | Q62: =C62+L62+-M62-N62-O62-P62 -> 6856 | S62: إيداع بنكي رقم 9
A63: =A62+1 -> 46075 | B63: الاحد | C63: =Q62 -> 6856 | D63: 1714 | E63: 8712.01 | F63: 2204 | G63: 1468 | L63: =SUM(D63:K63) -> 14098.01 | N63: =SUM(E63+F63+G63+H63) -> 12384.01 | O63: =I63+K63+J63 -> 0 | Q63: =C63+L63+-M63-N63-O63-P63 -> 8570
A64: =A63+1 -> 46076 | B64: الاثنين | C64: =Q63 -> 8570 | D64: 2417.6 | E64: 11209 | F64: 1813 | G64: 438 | L64: =SUM(D64:K64) -> 15877.6 | N64: =SUM(E64+F64+G64+H64) -> 13460 | O64: =I64+K64+J64 -> 0 | Q64: =C64+L64+-M64-N64-O64-P64 -> 10987.6
A65: =A64+1 -> 46077 | B65: الثلاثاء | C65: =Q64 -> 10987.6 | D65: 969 | E65: 7124 | F65: 1748 | G65: 407 | L65: =SUM(D65:K65) -> 10248 | N65: =SUM(E65+F65+G65+H65) -> 9279 | O65: =I65+K65+J65 -> 0 | Q65: =C65+L65+-M65-N65-O65-P65 -> 11956.6
A66: =A65+1 -> 46078 | B66: الاربعاء | C66: =Q65 -> 11956.6 | D66: 3545 | E66: 10883 | F66: 1079 | G66: 814 | J66: 686 | L66: =SUM(D66:K66) -> 17007 | M66: 5700 | N66: =SUM(E66+F66+G66+H66) -> 12776 | O66: =I66+K66+J66 -> 686 | Q66: =C66+L66+-M66-N66-O66-P66 -> 9801.6 | S66: إيداع بنكي رقم 10
A67: =A66+1 -> 46079 | B67: الخميس | C67: =Q66 -> 9801.6 | D67: 1523 | E67: 19545.9 | F67: 3915 | G67: 357.5 | J67: 664 | L67: =SUM(D67:K67) -> 26005.4 | N67: =SUM(E67+F67+G67+H67) -> 23818.4 | O67: =I67+K67+J67 -> 664 | Q67: =C67+L67+-M67-N67-O67-P67 -> 11324.6
A68: =A67+1 -> 46080 | B68: الجمعه | C68: =Q67 -> 11324.6 | D68: 4742.4 | E68: 30482.2 | F68: 2796 | G68: 1835 | J68: 1323 | L68: =SUM(D68:K68) -> 41178.6 | M68: 6750 | N68: =SUM(E68+F68+G68+H68) -> 35113.2 | O68: =I68+K68+J68 -> 1323 | Q68: =C68+L68+-M68-N68-O68-P68 -> 9317
A69: =A68+1 -> 46081 | B69: السبت | C69: =Q68 -> 9317 | D69: -687.6 | E69: 16190 | F69: 2756 | G69: 357 | J69: 249 | L69: =SUM(D69:K69) -> 18864.4 | N69: =SUM(E69+F69+G69+H69) -> 19303 | O69: =I69+K69+J69 -> 249 | Q69: =C69+L69+-M69-N69-O69-P69 -> 8629.4
C70: =Q69 -> 8629.4 | L70: =SUM(D70:K70) -> 0 | N70: =SUM(E70+F70+G70+H70) -> 0 | O70: =I70+K70+J70 -> 0 | Q70: =C70+L70+-M70-N70-O70-P70 -> 8629.4
D72: =SUM(D39:D70) -> 43352.4 | E72: =SUM(E39:E70) -> 196776.1 | F72: =SUM(F39:F70) -> 37851.2 | G72: =SUM(G39:G70) -> 11742.5 | H72: =SUM(H39:H70) -> 0 | I72: =SUM(I39:I70) -> 0 | J72: =SUM(J39:J70) -> 5495 | K72: =SUM(K39:K70) -> 0 | ... P72: =SUM(P39:P70) -> 0 | Q72: =C42+C72+L72+-M72-N72-O72-P72 -> 8629.4
A74: التاريخ | B74: اليوم | C74: رصيد الصندوق في بداية اليوم | D74: المبيعات النقدية | E74: مبيعات الشبكة | L74: اجمالي المبيعات | M74: الايداعات | N74: الشبكة | O74: مسحوبات غير نقدية | P74: المصاريف معمدة من الادارة | Q74: رصيد الصندوق في نهاية اليوم | R74: رقم تسلسل الايداع | S74: ملاحظات
E75: الشبكة السعودية | F75: الفيزا | G75: الماستر كارد | H75: الامريكانا اكسبريس | I75: كوبونات الجمعيات | J75: تمارا | K75: مبيعات اخرى
A76: 46082 | B76: الاحد | C76: =SUM(Q72) -> 8629.4 | D76: 2365 | E76: 16451.2 | F76: 2198 | G76: 1535 | L76: =SUM(D76:K76) -> 22549.2 | N76: =SUM(E76+F76+G76+H76) -> 20184.2 | O76: =I76+K76+J76 -> 0 | Q76: =C76+L76+-M76-N76-O76-P76 -> 10994.4
A77: =A76+1 -> 46083 | B77: الاثنين | C77: =Q76 -> 10994.4 | D77: 1165 | E77: 17250.2 | F77: 723 | G77: 261 | J77: 426 | L77: =SUM(D77:K77) -> 19825.2 | M77: 4000 | N77: =SUM(E77+F77+G77+H77) -> 18234.2 | O77: =I77+K77+J77 -> 426 | Q77: =C77+L77+-M77-N77-O77-P77 -> 8159.4 | S77: إيداع بنكي رقم 11
A78: =A77+1 -> 46084 | B78: الثلاثاء | C78: =Q77 -> 8159.4 | D78: 2458.01 | E78: 18235.99 | F78: 1308 | G78: 744 | L78: =SUM(D78:K78) -> 22746 | N78: =SUM(E78+F78+G78+H78) -> 20287.99 | O78: =I78+K78+J78 -> 0 | Q78: =C78+L78+-M78-N78-O78-P78 -> 10617.41
A79: =A78+1 -> 46085 | B79: الاربعاء | C79: =Q78 -> 10617.41 | D79: 722 | E79: 16599 | F79: 1319 | G79: 1543 | J79: 548 | L79: =SUM(D79:K79) -> 20731 | M79: 3550 | N79: =SUM(E79+F79+G79+H79) -> 19461 | O79: =I79+K79+J79 -> 548 | Q79: =C79+L79+-M79-N79-O79-P79 -> 7789.41 | S79: إيداع بنكي رقم 12
A80: =A79+1 -> 46086 | B80: الخميس | C80: =Q79 -> 7789.41 | D80: 4450 | E80: 15500.2 | F80: 2123 | G80: 481 | J80: 2215 | L80: =SUM(D80:K80) -> 24769.2 | M80: 3700 | N80: =SUM(E80+F80+G80+H80) -> 18104.2 | O80: =I80+K80+J80 -> 2215 | Q80: =C80+L80+-M80-N80-O80-P80 -> 8539.41 | S80: إيداع بنكي رقم 13
A81: =A80+1 -> 46087 | B81: الجمعة | C81: =Q80 -> 8539.41 | D81: 4461.2 | E81: 18973 | F81: 932 | G81: 126 | J81: 1646 | L81: =SUM(D81:K81) -> 26138.2 | N81: =SUM(E81+F81+G81+H81) -> 20031 | O81: =I81+K81+J81 -> 1646 | Q81: =C81+L81+-M81-N81-O81-P81 -> 13000.61
A82: =A81+1 -> 46088 | B82: السبت | C82: =Q81 -> 13000.61 | D82: 3271.8 | E82: 16775.2 | F82: 2037 | G82: 2866 | L82: =SUM(D82:K82) -> 24950 | M82: 8100 | N82: =SUM(E82+F82+G82+H82) -> 21678.2 | O82: =I82+K82+J82 -> 0 | Q82: =C82+L82+-M82-N82-O82-P82 -> 8172.41 | S82: إيداع بنكي رقم 14
A83: =A82+1 -> 46089 | B83: الاحد | C83: =Q82 -> 8172.41 | D83: 2627 | E83: 15378.2 | F83: 2692.4 | G83: 499 | J83: 1777 | L83: =SUM(D83:K83) -> 22973.6 | N83: =SUM(E83+F83+G83+H83) -> 18569.6 | O83: =I83+K83+J83 -> 1777 | Q83: =C83+L83+-M83-N83-O83-P83 -> 10799.41
A84: =A83+1 -> 46090 | B84: الاثنين | C84: =Q83 -> 10799.41 | D84: 3302 | E84: 25147.6 | F84: 1541 | G84: 205 | J84: 1307 | L84: =SUM(D84:K84) -> 31502.6 | M84: 6300 | N84: =SUM(E84+F84+G84+H84) -> 26893.6 | O84: =I84+K84+J84 -> 1307 | Q84: =C84+L84+-M84-N84-O84-P84 -> 7801.41 | S84: إيداع بنكي رقم 15
A85: =A84+1 -> 46091 | B85: الثلاثاء | C85: =Q84 -> 7801.41 | D85: 1498.2 | E85: 27555.6 | F85: 8493 | G85: 1221 | J85: 2309 | L85: =SUM(D85:K85) -> 41076.8 | N85: =SUM(E85+F85+G85+H85) -> 37269.6 | O85: =I85+K85+J85 -> 2309 | Q85: =C85+L85+-M85-N85-O85-P85 -> 9299.61
A86: =A85+1 -> 46092 | B86: الاربعاء | C86: =Q85 -> 9299.61 | D86: 1319.4 | E86: 18719.8 | F86: 3898 | G86: 938 | J86: 853 | L86: =SUM(D86:K86) -> 25728.2 | N86: =SUM(E86+F86+G86+H86) -> 23555.8 | O86: =I86+K86+J86 -> 853 | Q86: =C86+L86+-M86-N86-O86-P86 -> 10619.01
A87: =A86+1 -> 46093 | B87: الخميس | C87: =Q86 -> 10619.01 | D87: 4956.4 | E87: 26132.8 | F87: 2013 | G87: 231 | J87: 1205 | L87: =SUM(D87:K87) -> 34538.2 | N87: =SUM(E87+F87+G87+H87) -> 28376.8 | O87: =I87+K87+J87 -> 1205 | Q87: =C87+L87+-M87-N87-O87-P87 -> 15575.41
A88: =A87+1 -> 46094 | B88: الجمعة | C88: =Q87 -> 15575.41 | D88: 5096 | E88: 25700.8 | F88: 5800 | G88: 3173 | J88: 596 | L88: =SUM(D88:K88) -> 40365.8 | M88: 9100 | N88: =SUM(E88+F88+G88+H88) -> 34673.8 | O88: =I88+K88+J88 -> 596 | Q88: =C88+L88+-M88-N88-O88-P88 -> 11571.41 | S88: إيداع بنكي رقم 16
A89: =A88+1 -> 46095 | B89: السبت | C89: =Q88 -> 11571.41 | D89: 5891 | E89: 18587 | F89: 3903 | G89: 1086 | J89: 1819 | L89: =SUM(D89:K89) -> 31286 | N89: =SUM(E89+F89+G89+H89) -> 23576 | O89: =I89+K89+J89 -> 1819 | P89: 2118 | Q89: =C89+L89+-M89-N89-O89-P89 -> 15344.41 | S89: كسوة موظف الدفاع المدني
A90: =A89+1 -> 46096 | B90: الاحد | C90: =Q89 -> 15344.41 | D90: 5003 | E90: 23346 | F90: 3076 | J90: 1807 | L90: =SUM(D90:K90) -> 33232 | M90: 10000 | N90: =SUM(E90+F90+G90+H90) -> 26422 | O90: =I90+K90+J90 -> 1807 | Q90: =C90+L90+-M90-N90-O90-P90 -> 10347.41 | S90: إيداع بنكي رقم 17
A91: =A90+1 -> 46097 | B91: الاثنين | C91: =Q90 -> 10347.41 | D91: 8117 | E91: 24785 | F91: 7722 | G91: 1407 | J91: 1425 | L91: =SUM(D91:K91) -> 43456 | M91: 8500 | N91: =SUM(E91+F91+G91+H91) -> 33914 | O91: =I91+K91+J91 -> 1425 | Q91: =C91+L91+-M91-N91-O91-P91 -> 9964.41 | S91: إيداع بكي 18
A92: =A91+1 -> 46098 | B92: الثلاثاء | C92: =Q91 -> 9964.41 | D92: 719.65 | E92: 28445 | F92: 4915 | G92: 1491 | J92: 2226 | L92: =SUM(D92:K92) -> 37796.65 | N92: =SUM(E92+F92+G92+H92) -> 34851 | O92: =I92+K92+J92 -> 2226 | Q92: =C92+L92+-M92-N92-O92-P92 -> 10684.06
A93: =A92+1 -> 46099 | B93: الاربعاء | C93: =Q92 -> 10684.06 | D93: 6418 | E93: 25885 | F93: 4576 | G93: 867 | J93: 249 | L93: =SUM(D93:K93) -> 37995 | N93: =SUM(E93+F93+G93+H93) -> 31328 | O93: =I93+K93+J93 -> 249 | Q93: =C93+L93+-M93-N93-O93-P93 -> 17102.06
A94: =A93+1 -> 46100 | B94: الخميس | C94: =Q93 -> 17102.06 | D94: 11536 | E94: 30065 | F94: 3663 | G94: 1129 | J94: 523 | L94: =SUM(D94:K94) -> 46916 | M94: 23000 | N94: =SUM(E94+F94+G94+H94) -> 34857 | O94: =I94+K94+J94 -> 523 | Q94: =C94+L94+-M94-N94-O94-P94 -> 5638.06 | S94: إيداع بنكي رقم 19
A95: =A94+1 -> 46101 | B95: الجمعة | C95: =Q94 -> 5638.06 | D95: 212 | E95: 1820 | F95: 730 | G95: 55 | J95: 249 | L95: =SUM(D95:K95) -> 3066 | N95: =SUM(E95+F95+G95+H95) -> 2605 | O95: =I95+K95+J95 -> 249 | Q95: =C95+L95+-M95-N95-O95-P95 -> 5850.06
A96: =A95+1 -> 46102 | B96: السبت | C96: =Q95 -> 5850.06 | D96: 686 | E96: 2364 | F96: 489 | G96: 662 | L96: =SUM(D96:K96) -> 4201 | N96: =SUM(E96+F96+G96+H96) -> 3515 | O96: =I96+K96+J96 -> 0 | Q96: =C96+L96+-M96-N96-O96-P96 -> 6536.06
A97: =A96+1 -> 46103 | B97: الاحد | C97: =Q96 -> 6536.06 | D97: 1069 | E97: 694 | F97: 408 | G97: 234 | L97: =SUM(D97:K97) -> 2405 | N97: =SUM(E97+F97+G97+H97) -> 1336 | O97: =I97+K97+J97 -> 0 | Q97: =C97+L97+-M97-N97-O97-P97 -> 7605.06
A98: =A97+1 -> 46104 | B98: الاثنين | C98: =Q97 -> 7605.06 | D98: -43 | E98: 362 | F98: 953 | G98: 1259 | L98: =SUM(D98:K98) -> 2531 | M98: 5100 | N98: =SUM(E98+F98+G98+H98) -> 2574 | O98: =I98+K98+J98 -> 0 | Q98: =C98+L98+-M98-N98-O98-P98 -> 2462.06 | S98: إيداع بنكي رقم 20
A99: =A98+1 -> 46105 | B99: الثلاثاء | C99: =Q98 -> 2462.06 | D99: -81 | E99: 1297 | F99: 86 | L99: =SUM(D99:K99) -> 1302 | N99: =SUM(E99+F99+G99+H99) -> 1383 | O99: =I99+K99+J99 -> 0 | Q99: =C99+L99+-M99-N99-O99-P99 -> 2381.06
A100: =A99+1 -> 46106 | B100: الاربعاء | C100: =Q99 -> 2381.06 | D100: 287 | E100: 2640 | G100: 110 | L100: =SUM(D100:K100) -> 3037 | N100: =SUM(E100+F100+G100+H100) -> 2750 | O100: =I100+K100+J100 -> 0 | Q100: =C100+L100+-M100-N100-O100-P100 -> 2668.06
A101: =A100+1 -> 46107 | B101: الخميس | C101: =Q100 -> 2668.06 | D101: -210 | E101: 2342 | F101: 17 | G101: 171 | L101: =SUM(D101:K101) -> 2320 | N101: =SUM(E101+F101+G101+H101) -> 2530 | O101: =I101+K101+J101 -> 0 | Q101: =C101+L101+-M101-N101-O101-P101 -> 2458.06
A102: =A101+1 -> 46108 | B102: الجمعة | C102: =Q101 -> 2458.06 | D102: 430 | E102: 2856 | F102: 95 | L102: =SUM(D102:K102) -> 3381 | N102: =SUM(E102+F102+G102+H102) -> 2951 | O102: =I102+K102+J102 -> 0 | Q102: =C102+L102+-M102-N102-O102-P102 -> 2888.06
A103: =A102+1 -> 46109 | B103: السبت | C103: =Q102 -> 2888.06 | D103: 494 | E103: 2913 | F103: 384 | G103: 122 | L103: =SUM(D103:K103) -> 3913 | N103: =SUM(E103+F103+G103+H103) -> 3419 | O103: =I103+K103+J103 -> 0 | Q103: =C103+L103+-M103-N103-O103-P103 -> 3382.06
A104: =A103+1 -> 46110 | B104: الاحد | C104: =Q103 -> 3382.06 | D104: 317 | E104: 2108 | F104: 17 | L104: =SUM(D104:K104) -> 2442 | N104: =SUM(E104+F104+G104+H104) -> 2125 | O104: =I104+K104+J104 -> 0 | Q104: =C104+L104+-M104-N104-O104-P104 -> 3699.06
A105: =A104+1 -> 46111 | B105: الاثنين | C105: =Q104 -> 3699.06 | D105: 125 | E105: 1282 | F105: 342 | L105: =SUM(D105:K105) -> 1749 | N105: =SUM(E105+F105+G105+H105) -> 1624 | O105: =I105+K105+J105 -> 0 | Q105: =C105+L105+-M105-N105-O105-P105 -> 3824.06
A106: =A105+1 -> 46112 | B106: الثلاثاء | C106: =Q105 -> 3824.06 | D106: 167 | E106: 871 | G106: 395 | L106: =SUM(D106:K106) -> 1433 | N106: =SUM(E106+F106+G106+H106) -> 1266 | O106: =I106+K106+J106 -> 0 | Q106: =C106+L106+-M106-N106-O106-P106 -> 3991.06
...

Sheet الحركات الشهرية
A3: الشهر | B3: رصيد الصندوق في بداية اليوم | C3: المبيعات النقدية | D3: مبيعات الشبكة | K3: اجمالي المبيعات | L3: الايداعات | M3: الشبكة | N3: مسحوبات غير نقدية | O3: المصاريف معمدة من الادارة | P3: رصيد الصندوق في نهاية اليوم | Q3: ملاحظات
D4: الشبكة السعودية | E4: الفيزا | F4: الماستر كارد | G4: الامريكانا اكسبريس | H4: كوبونات الجمعيات | I4: تمارا | J4: مبيعات اخرى
A5: يناير 2026 | B5: 0 | C5: ='الحركة اليومية'!D38 -> 26127 | D5: ='الحركة اليومية'!E38 -> 119869 | E5: ='الحركة اليومية'!F38 -> 14534 | F5: ='الحركة اليومية'!G38 -> 5630 | G5: ='الحركة اليومية'!H38 -> 22 | H5: ='الحركة اليومية'!I38 -> 0 | I5: ='الحركة اليومية'!J38 -> 5104 | J5: ='الحركة اليومية'!K38 -> 0 | ... P5: ='الحركة اليومية'!Q38 -> 4777 | Q5: ='الحركة اليومية'!S38 -> 0
A6: فبراير 2026 | B6: =P5 -> 4777 | C6: ='الحركة اليومية'!D72 -> 43352.4 | D6: ='الحركة اليومية'!E72 -> 196776.1 | E6: ='الحركة اليومية'!F72 -> 37851.2 | F6: ='الحركة اليومية'!G72 -> 11742.5 | G6: ='الحركة اليومية'!H72 -> 0 | H6: ='الحركة اليومية'!I72 -> 0 | I6: ='الحركة اليومية'!J72 -> 5495 | J6: ='الحركة اليومية'!K72 -> 0 | ... P6: ='الحركة اليومية'!Q72 -> 8629.4
A7: مارس 2026 | B7: =P6 -> 8629.4 | C7: ='الحركة اليومية'!D108 -> 78829.66 | D7: ='الحركة اليومية'!E108 -> 431081.59 | E7: ='الحركة اليومية'!F108 -> 66453.4 | F7: ='الحركة اليومية'!G108 -> 22811 | G7: ='الحركة اليومية'!H108 -> 0 | H7: ='الحركة اليومية'!I108 -> 0 | I7: ='الحركة اليومية'!J108 -> 21180 | J7: ='الحركة اليومية'!K108 -> 0 | ... P7: ='الحركة اليومية'!Q108 -> 3991.06
A8: ابريل 2026 | B8: =P7 -> 3991.06 | C8: ='الحركة اليومية'!D143 -> 13242 | D8: ='الحركة اليومية'!E143 -> 66276 | E8: ='الحركة اليومية'!F143 -> 9338 | F8: ='الحركة اليومية'!G143 -> 8423 | G8: ='الحركة اليومية'!H143 -> 0 | H8: ='الحركة اليومية'!I143 -> 0 | I8: ='الحركة اليومية'!J143 -> 3006 | J8: ='الحركة اليومية'!K143 -> 399 | ... P8: ='الحركة اليومية'!Q143 -> 3713.06 | Q8: ='الحركة اليومية'!S143 -> 0
A9: مايو 2026 | B9: =P8 -> 3713.06 | C9: ='الحركة اليومية'!D179 -> 15983 | D9: ='الحركة اليومية'!E179 -> 104399.01 | E9: ='الحركة اليومية'!F179 -> 16666 | F9: ='الحركة اليومية'!G179 -> 5301 | G9: ='الحركة اليومية'!H179 -> 0 | H9: ='الحركة اليومية'!I179 -> 0 | I9: ='الحركة اليومية'!J179 -> 4112 | J9: ='الحركة اليومية'!K179 -> 0 | ... P9: ='الحركة اليومية'!Q179 -> 4196.06 | Q9: ='الحركة اليومية'!S179 -> 0
A10: يونيو 2026 | B10: =P9 -> 4196.06 | C10: ='الحركة اليومية'!D214 -> 13357.25 | D10: ='الحركة اليومية'!E214 -> 54610.75 | E10: ='الحركة اليومية'!F214 -> 6466.86 | F10: ='الحركة اليومية'!G214 -> 2486 | G10: ='الحركة اليومية'!H214 -> 0 | H10: ='الحركة اليومية'!I214 -> 0 | I10: ='الحركة اليومية'!J214 -> 1638 | J10: ='الحركة اليومية'!K214 -> 0 | ... P10: ='الحركة اليومية'!Q214 -> 4803.31 | Q10: ='الحركة اليومية'!$S$214 -> 0
A11: يوليو 2026 | B11: =P10 -> 4803.31 | C11: ='الحركة اليومية'!D250 -> 20763.75 | D11: ='الحركة اليومية'!E250 -> 101418.25 | E11: ='الحركة اليومية'!F250 -> 22569.5 | F11: ='الحركة اليومية'!G250 -> 8523 | G11: ='الحركة اليومية'!H250 -> 0 | H11: ='الحركة اليومية'!I250 -> 0 | I11: ='الحركة اليومية'!J250 -> 6566 | J11: ='الحركة اليومية'!K250 -> 0 | ... P11: ='الحركة اليومية'!Q250 -> 1867.06 | Q11: ='الحركة اليومية'!$S$250 -> 0
A12: اغسطس 2026 | B12: =P11 -> 1867.06 | C12: ='الحركة اليومية'!D286 -> 22711 | D12: ='الحركة اليومية'!E286 -> 187195.5 | E12: ='الحركة اليومية'!F286 -> 26249.5 | F12: ='الحركة اليومية'!G286 -> 8484 | G12: ='الحركة اليومية'!H286 -> 0 | H12: ='الحركة اليومية'!I286 -> 0 | I12: ='الحركة اليومية'!J286 -> 12775.5 | J12: ='الحركة اليومية'!K286 -> 0 | ... P12: ='الحركة اليومية'!Q286 -> 2806.56 | Q12: ='الحركة اليومية'!S286 -> 0
A13: سبتمبر 2026 | B13: =P12 -> 2806.56 | C13: ='الحركة اليومية'!D321 -> 10323 | D13: ='الحركة اليومية'!E321 -> 63904 | E13: ='الحركة اليومية'!F321 -> 8711 | F13: ='الحركة اليومية'!G321 -> 2557 | G13: ='الحركة اليومية'!H321 -> 0 | H13: ='الحركة اليومية'!I321 -> 0 | I13: ='الحركة اليومية'!J321 -> 1682 | J13: ='الحركة اليومية'!K321 -> 0 | ... P13: ='الحركة اليومية'!Q321 -> 8129.56
A14: اكتوبر 2026 | B14: =P13 -> 8129.56 | C14: ='الحركة اليومية'!D357 -> 0 | D14: ='الحركة اليومية'!E357 -> 0 | E14: ='الحركة اليومية'!F357 -> 0 | F14: ='الحركة اليومية'!G357 -> 0 | G14: ='الحركة اليومية'!H357 -> 0 | H14: ='الحركة اليومية'!I357 -> 0 | I14: ='الحركة اليومية'!J357 -> 0 | J14: ='الحركة اليومية'!K357 -> 0 | ... P14: ='الحركة اليومية'!Q357 -> 8129.56 | Q14: ='الحركة اليومية'!$S$357 -> 0
A15: نوفمبر 2026 | B15: =P14 -> 8129.56 | C15: ='الحركة اليومية'!D392 -> 0 | D15: ='الحركة اليومية'!E392 -> 0 | E15: ='الحركة اليومية'!F392 -> 0 | F15: ='الحركة اليومية'!G392 -> 0 | G15: ='الحركة اليومية'!H392 -> 0 | H15: ='الحركة اليومية'!I392 -> 0 | I15: ='الحركة اليومية'!J392 -> 0 | J15: ='الحركة اليومية'!K392 -> 0 | ... P15: ='الحركة اليومية'!Q392 -> 8129.56 | Q15: ='الحركة اليومية'!S392 -> 0
A16: ديسمبر 2026 | B16: =P15 -> 8129.56 | C16: ='الحركة اليومية'!D428 -> 0 | D16: ='الحركة اليومية'!E428 -> 0 | E16: ='الحركة اليومية'!F428 -> 0 | F16: ='الحركة اليومية'!G428 -> 0 | G16: ='الحركة اليومية'!H428 -> 0 | H16: ='الحركة اليومية'!I428 -> 0 | I16: ='الحركة اليومية'!J428 -> 0 | J16: ='الحركة اليومية'!K428 -> 0 | ... P16: ='الحركة اليومية'!Q428 -> 8129.56 | Q16: ='الحركة اليومية'!S428 -> 0
B19: =P19 -> 0 | C19: ='الحركة اليومية'!D434 -> 244689.06 | D19: ='الحركة اليومية'!E434 -> 1325530.2 | E19: ='الحركة اليومية'!F434 -> 208839.46 | F19: ='الحركة اليومية'!G434 -> 75957.5 | G19: ='الحركة اليومية'!H434 -> 22 | H19: ='الحركة اليومية'!I434 -> 0 | J19: ='الحركة اليومية'!K434 -> 399 | K19: ='الحركة اليومية'!L434 -> 1916995.7 | L19: ='الحركة اليومية'!M434 -> 233350 | M19: ='الحركة اليومية'!N434 -> 1610349.2 | N19: ='الحركة اليومية'!O434 -> 61957.5 | O19: ='الحركة اليومية'!P434 -> 3209.5 | P19: ='الحركة اليومية'!Q434 -> 0 | Q19: ='الحركة اليومية'!S434 -> 0

Sheet التعليمـــــــــــــات
B2: عزيزي / مدير المعرض
B4: نامل التقيد بالتعليمات التالية والخاصة بالادارة المالية
A6: 1 | B6: النقد الموجود نتيجة المبيعات هو عهدة على مدير المعرض ونائبة لحين ايداعه بحساب الشركة الرسمي
A7: 2 | B7: لا يسمح اطلاقا تسليم اي موظف بالشركة ايا كانت وظيفته اي مبلغ نقدي وملزم مدير المعرض بهذه المبالغ في حال تجاوزه للتعليمات
A8: 3 | B8: التقيد التام بتسجيل المبيعات بشكل يومي وارسال الملف للادارة المالية بنهاية كل يوم او بداية اليوم التالي
A9: 4 | B9: التقيد بتسجيل رقم الايداع بشكل متسلسل ليتم الوصول ومراجعة اي ايداع بشكل متسلسل ( عمود رقم تسلسل الايداع )
A10: 5 | B10: التقيد بارسال حركة الموازنة ضمن حركة ارسال ملف المبيعات
A11: 6 | B11: التقيد بارسال حركة الموازنة شريطة ان تكون متوازنة
A12: 7 | B12: التقيد بارسال فواتير المشتريات بشكل منتظم اسبوعيا
A13: 8 | B13: التقيد بمطابقة المبيعات بشكل يومي وبنهاية كل اسبوع وبنهاية كل شهر وتصحيح الفرق ان وجد واطلاع الادارة على التعديل
A14: 9 | B14: يمنع منعا بات تعديل اي بيانات لحركة المبيعات لشهر سابق تم اعتماده مسبقا
A15: 10 | B15: يمنع صرف اي بضاعة من المعرض الا بموجب مستند رسمي ( مرتجع للمورد او طلب عينات )
A16: 11 | B16: يمنع ادخال اي بضاعة الى المعرض الا بموجب فاتورة رسمية مقترنة بامرالشراء
A17: 12 | B17: يتم استلام امر الشراء حسب الكمية الورادة فعليا
